,大数据开发工程师,上海-浦东新区
1-1.5万/月,python WEB开发工程师（项目合作制）,广州-越秀区
0.6-1万/月,python后台开发工程师,广州-天河区
0.8-1.6万/月,Python开发工程师（数据处理）,上海-杨浦区
1-1.5万/月,python工程师,北京-朝阳区
1.5-3万/月,Python开发高级工程师,上海-徐汇区
1-1.5万/月,Python开发工程师,深圳-南山区
1.5-2万/月,Python高级开发工程师,深圳
0.8-1.5万/月,Python开发主管,广州-天河区
1-1.5万/月,Python开发工程师,深圳-南山区
0.8-1.5万/月,Python开发工程师,北京-朝阳区
2.5-3万/月,Python高级开发工程师,北京-朝阳区
0.8-2万/月,Java/Python软件工程师,北京
1-1.5万/月,Python/c++,深圳-福田区
0.8-1.2万/月,Python 后台工程师,广州-天河区
1.5-2万/月,Python工程师,上海
0.8-1万/月,软件开发工程师(python/c++)-NDS,北京-海淀区
1.2-2.4万/月,Python开发工程师,北京-昌平区
30-40万/年,C++/Python后台软件开发高级工程师,深圳-南山区
1.2-1.6万/月,Python开发工程师,广州-天河区
1-1.5万/月,Python工程师,上海-嘉定区
1-1.5万/月,python 高级工程师,上海-静安区
1-1.5万/月,Python开发工程师,广州-天河区
1-1.5万/月,Python培训项目合伙人,北京
1.2-1.8万/月,python数据挖掘工程师,深圳-龙华新区
0.6-1万/月,Python开发工程师,广州
2-3万/月,Python开发工程师,北京-朝阳区
0.6-1万/月,Python开发工程师,广州
1-2万/月,Python高级开发工程师,上海-普陀区
1-1.5万/月,Python开发工程师,深圳-罗湖区
1-1.5万/月,Python 开发,上海
1-1.5万/月,Python开发工程师,上海-徐汇区
1.5-2万/月,Python高级工程师,广州
1.5-2万/月,大数据分析研发工程师（python）,上海
0.8-1.2万/月,Python开发工程师,上海-黄浦区
1.2-1.8万/月,Python开发讲师,深圳-南山区
1.5-2万/月,Python软件开发工程师,上海-闵行区
4.5-6千/月,Python开发工程师,广州-白云区
1-1.5万/月,Python开发工程师,深圳
1-2万/月,Python开发工程师,上海-徐汇区
4.5-6千/月,Python开发助理,深圳-龙华新区
30-40万/年,python后端开发工程师,上海-长宁区
0.6-1.2万/月,Python/ Qt开发工程师,广州-天河区
1-2万/月,python开发工程师,深圳-南山区
2-3万/月,资深Python工程师（深圳）,深圳
1.5-2.5万/月,python 开发工程师,上海-浦东新区
0.8-1万/月,Web工程师（Python）,上海
0.8-1万/月,Python开发工程师,深圳-南山区
0.6-1万/月,Python开发工程师,广州-黄埔区
1-1.5万/月,Python高级开发工程师,上海-虹口区
1-1.5万/月,python开发工程师,广州-天河区
0.6-1万/月,Python程序员（ERP方向）,深圳-福田区
1-2万/月,python开发工程师,深圳-福田区
0.8-1万/月,Python（Django） 开发工程师,上海-杨浦区
1.5-2万/月,Python开发工程师（偏前端）.,上海-浦东新区
1.5-2万/月,Python 开发工程师,北京-海淀区
1-1.5万/月,python后台开发工程师,北京-海淀区
1.2-2.6万/月,Python高级开发工程师 - AAM703,广州
0.6-1.2万/月,JAVA/Python软件工程师,北京-石景山区
1-1.5万/月,Python开发工程师,深圳
0.6-1.5万/月,Python开发工程师,深圳-南山区
1.5-2.5万/月,Python开发工程师,上海-浦东新区
1-1.5万/月,python开发工程师,广州-天河区
1.5-2万/月,Python高级工程师,北京-海淀区
1-1.2万/月,00101-Python开发工程师（上海）,上海-黄浦区
1.5-2万/月,Python开发工程师,上海-普陀区
1-2.5万/月,python后台开发,深圳-福田区
1.4-2.8万/月,Python 开发工程师,上海-徐汇区
0.8-1万/月,Python开发工程师,上海
0.8-1.5万/月,python工程师（爬虫方向）,广州-越秀区
0.8-1.2万/月,系统测试工程师（C++/Python）,上海-浦东新区
2-3万/月,Python高级开发工程师,北京-朝阳区
0.8-1.2万/月,python工程师,广州-天河区
1.5-3万/月,Python爬虫工程师,深圳
2.5-4万/月,算法工程师-C++/Python,北京-海淀区
0.5-1万/月,初级Python后端工程师,上海-浦东新区
1-1.5万/月,Python开发工程师,上海-徐汇区
120元/天,Python/Java实习生,北京-朝阳区
1-1.5万/月,Python开发工程师,上海-长宁区
1.5-3万/月,"python运维工程师(zabbix,私有云方向)",广州-越秀区
0.8-1.6万/月,Python工程师（s）,北京-朝阳区
3-4.5千/月,Python-实习生,上海-黄浦区
6-8千/月,Python开发工程师,上海
6-8千/月,Python开发工程师,上海-徐汇区
4-6千/月,Python开发实习生,深圳
1-1.5万/月,python开发工程师,北京-海淀区
0.8-1.5万/月,Python爬虫工程师,广州-白云区
6-8千/月,Python开发工程师,深圳-罗湖区
1-1.5万/月,Python开发工程师,广州-天河区
1-1.5万/月,Python高级开发工程师-北京-00053,北京-海淀区
1.2-1.8万/月,游戏服务端Python开发工程师,深圳-宝安区
1-1.5万/月,高级软件测试工程师(Python),上海-长宁区
1.5-2万/月,Python高级开发工程师,深圳
0.8-1.5万/月,手游后端开发（Python）,上海-徐汇区
1.5-2.5万/月,大数据研发工程师-python,上海-浦东新区
0.8-1.5万/月,软件开发工程师（C#/python）,深圳
4-8千/月,Python开发工程师,深圳
1-2万/月,Python开发工程师,北京-东城区
1-2万/月,软件测试工程师（C++、java、python）,北京
0.8-1.5万/月,Python开发工程师,深圳-南山区
1-1.5万/月,Python开发工程师,北京-海淀区
1-1.5万/月,python后台开发,深圳-南山区
0.8-1万/月,Python开发工程师-北京,北京-海淀区
15-20万/年,Python开发工程师,北京-朝阳区
1.5-2.5万/月,爬虫开发经理（Python）,北京-朝阳区
6-8千/月,Python Web开发工程师,广州-天河区
2-4万/月,大数据应用工程师-Python,上海-徐汇区
0.8-1万/月,Python开发工程师,深圳-光明新区
1.5-3万/月,Python开发工程师/讲师,北京-大兴区
0.6-1万/月,Python开发工程师,广州-越秀区
1.5-2万/月,Python后端开发工程师,北京-朝阳区
1.2-1.8万/月,Python开发工程师,上海-黄浦区
2-2.5万/月,Python开发工程师,北京-丰台区
1.5-2.2万/月,Python程序员,上海-浦东新区
1-1.5万/月,python工程师,北京-海淀区
0.8-1万/月,python开发工程师,上海-浦东新区
1.5-3万/月,UMCloud-Python后端工程师,上海
1-1.5万/月,Python工程师,广州-天河区
0.8-1.8万/月,高级Python开发工程师/Django开发工程师/python大数据,广州-白云区
2-3万/月,Python高级开发工程师,深圳-宝安区
1.5-2.2万/月,Python开发工程师,深圳-南山区
0.8-1万/月,Python开发工程师-金融行业,广州-天河区
1-1.5万/月,C++/Python/QT软件工程师,深圳-南山区
1-2万/月,Python开发工程师,上海-杨浦区
1-1.5万/月,Python开发工程师,上海-虹口区
1-1.5万/月,python工程师,北京-朝阳区
2-3万/月,Python机器学习***讲师,上海-普陀区
0.5-1万/月,python开发工程师,广州-越秀区
1-2万/月,Python开发工程师,上海-徐汇区
1.2-1.8万/月,Python开发工程师,上海-黄浦区
1-1.5万/月,初级Python开发工程师,上海-徐汇区
0.8-1万/月,python开发工程师,上海-长宁区
0.9-1.7万/月,Python Dev.,上海
1.5-2万/月,Python后端开发工程师,上海-闵行区
0.7-1.5万/月,Python开发/深度学习,上海-普陀区
1-1.5万/月,Python开发工程师,异地招聘
1.5-2.5万/月,Python高级开发工程师,上海
4.5-6千/月,python/java工程师（实习生）,上海-徐汇区
1.2-2万/月,中级Python开发工程师,北京-朝阳区
0.8-1万/月,C++/Python研发工程师,北京-朝阳区
1.8-2.5万/月,Python开发工程师,深圳
0.5-1万/月,python工程师,深圳-龙岗区
,SaaS Cloud Sr. Test Developer(Java/Python/Bash),上海-杨浦区
1.5-2.5万/月,Python项目经理,北京-海淀区
1.5-2万/月,Python高级开发工程师,北京-海淀区
6-8千/月,Python程序员,深圳-龙岗区
1-2万/月,python全栈架构师,深圳-福田区
0.6-1.5万/月,python 开发工程师,上海-普陀区
1.5-2万/月,UI Programmer/UI 程序员(Python/C++),上海-黄浦区
1.5-2.5万/月,Python开发工程师,上海-杨浦区
0.8-1万/月,python研发工程师,上海-浦东新区
1-2万/月,Python开发工程师,北京-海淀区
0.7-1.5万/月,Python 开发工程师,上海-闵行区
1.3-1.8万/月,Python工程师,上海
1-1.5万/月,python爬虫工程师,广州-白云区
1.5-3万/月,高级python开发工程师,上海
6-8千/月,python开发工程师,广州-海珠区
2-3.5万/月,Python开发工程师,北京-朝阳区
1.5-2.5万/月,Python开发工程师,上海-浦东新区
2-4万/月,Python开发工程师,北京-朝阳区
1.5-2万/月,Python开发工程师,北京
1.2-2万/月,Python工程师,上海-杨浦区
1.5-2万/月,Python开发工程师,深圳-福田区
1-1.5万/月,Python开发工程师,上海-松江区
,Python高级开发工程师,北京
2-3.5万/月,Python开发工程师,北京-朝阳区
0.8-1.5万/月,Python运维,广州
0.7-1.2万/月,运维工程师（python自动化运维）,上海-闵行区
1-1.5万/月,后台开发工程师（C++，Python，go）,深圳-南山区
2-2.5万/月,Python工程师（算法及深度学习）,北京-海淀区
1.5-2万/月,Python高级开发工程师（团队负责人）,上海
0.9-1.3万/月,Python 工程师,广州-天河区
1.2-1.8万/月,高级Python开发工程师,上海-浦东新区
0.8-1.5万/月,Python开发工程师,深圳-罗湖区
1-3.5万/月,Python中高级工程师,深圳-南山区
15-20万/年,Python 开发工程师,广州-天河区
1.5-2.5万/月,高级PHP开发工程师（需懂些Python）,上海
1.5-3万/月,Python工程师,深圳-南山区
1-1.5万/月,python研发工程师,上海
0.8-1.5万/月,Python开发运维工程师,深圳-南山区
0.8-1.1万/月,网金-Python开发工程师,上海-浦东新区
0.7-2万/月,自动化测试工程师（Python 编号05）,上海-徐汇区
1-2万/月,Python开发工程师,上海-静安区
0.8-1万/月,Python开发工程师,广州
0.8-1万/月,Python开发工程师(面向2018届毕业生),北京
1.2-2万/月,Python软件工程师,上海-闵行区
1.4-2.6万/月,高级开发工程师（python爬虫）,上海-静安区
6-8千/月,Python/Odoo初级开发工程师,上海
1-1.5万/月,Python工程师,北京-朝阳区
1-1.5万/月,Python软件开发工程师,深圳-宝安区
1-2.3万/月,c++/java/golang/python服务端转erlang,广州-天河区
6-8千/月,生物信息工程师（python）,上海-浦东新区
1-1.5万/月,python开发工程师(大数据方向),上海
1-1.5万/月,Python开发工程师,广州
0.9-1.5万/月,金融云平台Python开工程师,异地招聘
1.2-1.6万/月,Python开发工程师,深圳
1-1.6万/月,Python开发工程师,广州-越秀区
1-1.5万/月,Python软件工程师（大数据产品开发）,上海-杨浦区
12-35万/年,Python/Go开发工程师（自动化运维方向）,上海-徐汇区
0.8-1.6万/月,Python课程开发/ 授课,上海-长宁区
1.5-3万/月,python开发工程师,深圳-南山区
0.8-1.2万/月,Python开发工程师,深圳
1.5-3万/月,Python爬虫开发工程师,上海-杨浦区
1.5-2.5万/月,Python爬虫技术工程师,上海-浦东新区
1.5-2万/月,Python数据开发工程师,上海-松江区
1.5-2万/月,python工程师（网络安全）,上海-徐汇区
1-1.5万/月,Python应用开发工程师,深圳-南山区
1-1.5万/月,风控系统python研发工程师,上海-浦东新区
1-2万/月,python 工程师-大数据方向,深圳
0.8-1.5万/月,python工程师,深圳
6-8千/月,python初级开发工程师,北京-朝阳区
1-1.5万/月,Python开发工程师,上海
1.5-2.5万/月,Python后端开发工程师,北京-海淀区
1-2万/月,量化开发Python工程师,深圳-南山区
1.5-3万/月,Python（Django） 开发工程师,上海-浦东新区
0.8-1万/月,Python开发工程师,广州-海珠区
0.8-1.5万/月,Python高级开发工程师,广州-番禺区
5-7千/月,Python工程师,广州-天河区
3.5-5万/月,Linux C++/Python高级研发工程师,北京
4.5-7千/月,Python PyQt开发工程师,广州-天河区
0.7-1.4万/月,初级开发工程师（Python）,上海-浦东新区
0.6-2万/月,Python+MySQL 后台开发工程师,深圳-龙华新区
1.5-2.5万/月,Python开发工程师,深圳-南山区
1-1.5万/月,Python/Odoo开发工程师,上海-静安区
4-8千/月,Python/C/C++语言开发工程师,广州-番禺区
1.5-3万/月,Python开发工程师,北京-海淀区
1.5-2万/月,Python爬虫开发工程师,上海-静安区
1.2-1.5万/月,Python开发工程师(区块链),上海
1.5-3万/月,Python开发工程师,上海
2-3万/月,python开发高级工程师,深圳-南山区
1.2-1.8万/月,Python开发工程师-base北京,北京-东城区
1-1.3万/月,Python开发工程师,广州
1-2万/月,Python开发工程师,上海-徐汇区
1-1.5万/月,Python自动化测试工程师,上海-虹口区
1.5-2万/月,测试开发工程师（C++/python）,上海-浦东新区
15-20万/年,Python开发工程师,上海-普陀区
1.5-2万/月,Python运维开发工程师,深圳-罗湖区
,资深Python开发工程师,上海-徐汇区
0.6-1.5万/月,Python开发工程师,深圳
1.8-4万/月,Python开发工程师,上海
1.5-2万/月,python高级工程师,北京-海淀区
0.8-1.2万/月,Python工程师,深圳-福田区
1.5-3万/月,爬虫工程师(Java/Python),上海-杨浦区
1.5-2万/月,Python开发工程师,深圳-福田区
1.3-2.5万/月,Python研发工程师,深圳-南山区
1-2万/月,Python开发工程师-服务端,深圳-南山区
0.7-1.2万/月,QT/Python开发工程师,广州
0.6-1万/月,（急聘）Python开发工程师,广州
1-2.5万/月,Python/Django后台开发工程师,深圳-龙岗区
0.8-1万/月,Python高级研发工程师,深圳-南山区
1-1.5万/月,Python算法工程师,深圳-福田区
0.8-1.5万/月,Python高级软件工程师,北京-海淀区
0.7-1.4万/月,Python开发工程师,上海-虹口区
6-8千/月,Python/Openstack 工程师,上海-徐汇区
0.8-1.5万/月,Python开发工程师,深圳-南山区
1.5-2万/月,Python开发工程师,上海
0.6-1万/月,python运维工程师,广州
1-1.5万/月,Python Developer,上海-黄浦区
1-2万/月,Python研发工程师,深圳-南山区
1-2万/月,python/算法/人工智能培训讲师,上海
1.2-1.8万/月,Python开发工程师,上海-浦东新区
1.5-2万/月,Python开发工程师,北京-朝阳区
0.8-2万/月,Python开发工程师/Python工程师,广州-番禺区
0.8-1.2万/月,Python Web开发工程师,上海-闵行区
1.2-2万/月,Python高级开发工程师,上海-浦东新区
1.5-2万/月,双休高级爬虫工程师Java程序员python高级开发工程师,深圳-龙岗区
1.5-2万/月,Python/C++金融软件开发工程师,深圳-南山区
0.8-1万/月,Python开发工程师,广州-荔湾区
0.9-1.5万/月,青少年软件编程课程产品经理 JAVA C python,上海-杨浦区
1.5-2万/月,python高级大数据开发工程师,上海-长宁区
0.8-1.5万/月,Python/Odoo高级开发工程师,上海-浦东新区
1-1.5万/月,数据处理工程师（python爬虫）,北京
1.5-2万/月,Python Web 开发工程师,北京-朝阳区
1.5-2万/月,Python开发工程师,上海
0.8-1.2万/月,Python开发工程师,广州-天河区
1-1.6万/月,Python开发工程师,上海-徐汇区
0.8-1万/月,Python程序员,深圳-福田区
0.8-1.2万/月,Python软件工程师,北京-东城区
1-1.5万/月,Python高级开发工程师,深圳-龙华新区
1-2万/月,Python开发工程师,上海-徐汇区
0.7-1.4万/月,Python开发工程师,上海-浦东新区
1-1.5万/月,Python开发工程师,广州-天河区
1.2-2.4万/月,Python高级开发师,上海-徐汇区
2-3万/月,Python开发后端软件工程师,上海
1.3-2万/月,Java/Python 软件开发工程师,深圳-龙岗区
1-1.5万/月,Python开发工程师,上海-浦东新区
1.6-2.8万/月,Python开发工程师,上海-浦东新区
0.8-1.2万/月,Python开发工程师,广州-天河区
4-5千/月,RD-java/Python发工程师,深圳
2-3万/月,python后台研发工程师,北京-朝阳区
1.5-2万/月,高级Python开发工程师（产品开发）,上海-普陀区
1-1.5万/月,Python开发工程师,北京
1.5-2万/月,Python开发工程师（参与公司内部开发或外派外企开发）,上海-浦东新区
1.5-2万/月,高级 Python 工程师,上海-闵行区
8-10万/年,Python开发工程师(长沙),异地招聘
1.5-2.5万/月,Python开发工程师,北京-海淀区
1-2万/月,Python工程师,广州-番禺区
1.5-2万/月,项目研发经理（python平台）,上海
2-2.5万/月,Python软件研发经理,异地招聘
1-1.5万/月,Python爬虫开发工程师,上海-黄浦区
0.8-1.5万/月,Python工程师,深圳
1.2-2.4万/月,Python开发,上海-杨浦区
1-1.5万/月,数据分析师（Python方向）,北京-朝阳区
0.8-1万/月,Python工程师（北京）,北京-海淀区
0.6-1万/月,PHP/Python ERP软件开发工程师,广州-天河区
1.5-2.5万/月,Python开发工程师,北京-海淀区
1-1.5万/月,Python工程师(数据集成方向),上海-徐汇区
1-2万/月,Python开发工程师,上海-徐汇区
1.3-2万/月,高级python开发工程师,上海-闵行区
0.8-1.2万/月,Python开发工程师,上海-静安区
1-2万/月,Python开发工程师（数据采集数据挖掘方向）,上海-静安区
1-1.5万/月,Python开发工程师,深圳-福田区
1-1.5万/月,中级python后端开发,深圳-南山区
4-7千/月,Go/Python语言开发工程师,广州-天河区
0.8-2.5万/月,Python 工程师,异地招聘
1.5-2万/月,Python软件工程师,上海-长宁区
1.2-1.8万/月,Python 机器学习研发工程师,上海-杨浦区
1.5-2万/月,Python开发工程师,上海-浦东新区
1-1.5万/月,Python开发工程师（动漫）,北京-昌平区
0.6-1万/月,Python开发工程师,北京-海淀区
1.5-2万/月,Python高级程序员,北京-海淀区
1-2.5万/月,Python/Go开发工程师-北京-00395,北京-海淀区
0.8-1万/月,python开发工程师,上海-普陀区
1.5-2万/月,高级Python开发工程师,上海-闵行区
2-4万/月,搜狗海外输入法-Python高级开发工程师-北京-02186,北京-海淀区
1.5-3万/月,软件工程师/Python/高级开发工程师,上海-浦东新区
1-1.5万/月,Python工程师,北京-海淀区
0.8-1.6万/月,Python软件开发工程师,深圳
1.5-2万/月,Python开发工程师,广州-越秀区
0.9-1.5万/月,Python开发工程师,广州-南沙区
0.5-1.2万/月,Python开发工程师,深圳-罗湖区
1.5-2.5万/月,Python工程师,上海
0.8-1万/月,Python开发工程师,上海-虹口区
1.2-2万/月,Python开发工程师,上海-长宁区
1.5-3万/月,算法工程师（Java/Scala/Python/R方向）,北京-海淀区
1.5-2.5万/月,Python开发工程师,北京-昌平区
1-1.5万/月,游戏运维工程师-python,广州-天河区
1.5-2.5万/月,爬虫工程师（Python）,上海-浦东新区
0.8-1.1万/月,Python后台开发,上海-浦东新区
1-1.5万/月,python 开发,上海-浦东新区
1-1.5万/月,python+postgreSQL 社交商城开发,深圳-宝安区
1.5-3万/月,Python高级开发工程师,深圳-南山区
1-2万/月,python高级工程师(机器学习、数据分析方向),广州-天河区
0.8-1.5万/月,Python开发工程师,深圳
1.5-2万/月,Python开发工程师,广州-白云区
1.5-2万/月,北京-python 讲师,北京-海淀区
1-1.5万/月,自动化运维工程师（Python）,广州-白云区
1-1.5万/月,python工程师,上海-虹口区
1-2万/月,python 算法工程师,上海-徐汇区
1-1.5万/月,python开发工程师,上海-浦东新区
0.6-1.5万/月,Python开发工程师,深圳
6-8千/月,python工程师,上海-浦东新区
1.3-2.6万/月,go/python服务端开发工程师(广州),广州-天河区
1.2-1.5万/月,Python开发工程师,上海-浦东新区
1-1.5万/月,自动化测试工程师python、c,上海-浦东新区
0.7-1.5万/月,Python开发工程师,上海-杨浦区
1.5-2.5万/月,00518-32-高级Python开发工程师,上海-杨浦区
1.5-2万/月,Python开发工程师,北京-东城区
1.5-3万/月,云平台开发工程师（JAVA、Python）,北京-顺义区
15-20万/年,开发工程师（Python),广州
0.8-1.5万/月,Python开发工程师,深圳-南山区
1-1.5万/月,Python开发工程师,深圳-南山区
6-8千/月,python/Django web开发工程师,深圳-罗湖区
1.5-2万/月,Python后端开发,上海
1-1.5万/月,python开发主管(北京),北京-顺义区
0.8-1.2万/月,Python工程师,异地招聘
1.2-2万/月,Python就业指导专员,深圳-宝安区
1.6-3万/月,python导师J10091,北京-昌平区
0.7-1.4万/月,Python Web 工程师,广州-海珠区
1.5-2万/月,python高级讲师,北京-海淀区
4.5-6千/月,Python（服务器运维）实习生,深圳
6-8千/月,Python开发工程师,广州
6-8千/月,Python开发工程师,北京-昌平区
1.5-2万/月,Python开发工程师,深圳-南山区
0.9-1.3万/月,Python程序员,深圳-南山区
1.2-2万/月,python开发工程师,深圳-龙岗区
,服务端研发工程师-Python（万得子公司）,上海-浦东新区
1.5-3万/月,Python开发工程师,深圳-龙华新区
2-3万/月,量化开发工程师（Java/C++/Python方向）,北京-西城区
1.5-2万/月,python工程师,北京-海淀区
2-3万/月,高级Python开发工程师（深圳）,深圳-南山区
5-8千/月,Python工程师（初级）,广州-越秀区
0.5-1.2万/月,Python研发工程师(CRM),广州-天河区
0.8-1.2万/月,python爬虫工程师,深圳-南山区
1.5-2.5万/月,后端开发工程师（Python方向）,广州-海珠区
1.5-2.5万/月,Python高级DevOps工程师,深圳-南山区
1.3-2万/月,Python高级研发工程师（孵化器公司）,广州-天河区
1-2万/月,后端开发工程师（C++/Python/Go）,上海
0.7-1.4万/月,Python开发工程师,广州-天河区
1-1.5万/月,Python开发工程师,上海-浦东新区
1-1.5万/月,Python开发工程师,上海-黄浦区
1-1.8万/月,Python工程师,广州-越秀区
10-15万/年,Python数据分析师,北京-朝阳区
,Python工程师,北京
1.5-2万/月,python工程师,北京-朝阳区
1.5-3万/月,Python开发工程师（深圳）,深圳-福田区
,TEG13-python后台开发工程师（深圳）,深圳
,Python高级开发工程师,北京
0.8-1.5万/月,Python工程师(全栈),深圳-南山区
1.5-2万/月,Python中级工程师,北京
0.6-1.2万/月,python 开发工程师,广州-荔湾区
6-8千/月,Python运维工程师,北京-海淀区
1-1.5万/月,Python后端工程师,上海-浦东新区
2-2.5万/月,Python 爬虫和数据处理工程师,上海-浦东新区
20-30万/年,"Software Engineer_Python/C,C++/EDA",上海
1.5-2万/月,后端架构师（Python/Go）,北京-朝阳区
1-1.5万/月,Python开发工程师,北京
1-2万/月,游戏服务器(Python)开发工程师,北京-朝阳区
1-2万/月,Python开发工程师,深圳-南山区
1.5-2万/月,Python开发工程师,上海-闵行区
1-1.8万/月,后台研发（python方向）,上海-徐汇区
1.5-2万/月,Python应用工程师（大数据方向）,广州-天河区
1.5-2.5万/月,Python后端开发工程师,北京-西城区
1-1.5万/月,Python 开发工作,上海-浦东新区
1.5-2万/月,Python开发工程师,上海-闵行区
1-1.5万/月,Python开发工程师,上海
1-1.5万/月,python/java软件工程师,上海-浦东新区
1.2-2.5万/月,python讲师,广州-天河区
2-4万/月,Python开发工程师,北京-海淀区
1.5-2万/月,Python开发工程师,上海-浦东新区
1-1.5万/月,Python开发工程师,上海-闵行区
1.3-2万/月,Python开发工程师,深圳-龙岗区
1-1.5万/月,Python开发工程师,深圳-福田区
0.8-1.5万/月,Python开发工程师（产品研发）,北京-东城区
1-1.5万/月,Python开发工程师,深圳
1.5-2万/月,Python开发工程师,广州
1-1.5万/月,CIM DATABASE Python二次开发工程师,上海-黄浦区
1-2万/月,python爬虫工程师,北京-朝阳区
30-40万/年,运维开发工程师（Python）,上海
0.8-1.2万/月,Python爬虫开发工程师,广州-天河区
0.9-1.3万/月,Python高级软件工程师,广州-天河区
1-1.5万/月,python 研发工程师,北京-朝阳区
1-1.5万/月,Python开发工程师,深圳-宝安区
2.5-3万/月,Python开发培训讲师（全职或***）,上海-黄浦区
1-1.5万/月,Python工程师,上海
1.5-3.5万/月,erlang/python服务器开发工程师,上海-徐汇区
0.8-1万/月,Python工程师,上海-浦东新区
0.5-1万/月,python爬虫/数据分析师/系统架构师,异地招聘
0.8-2万/月,Python资深开发工程师,上海
1-1.2万/月,Python开发工程师,上海-徐汇区
1.5-2万/月,Python数据采集开发工程师,深圳
0.8-1万/月,Python测试工程师,北京
6-8千/月,python开发工程师,广州-天河区
1-1.5万/月,Python后端工程师,上海-黄浦区
1.5-2万/月,Python开发工程师,上海-闵行区
1-2万/月,Python或GO开发,广州-天河区
,Python爬虫产品设计师,北京
0.7-1.2万/月,Python工程师/Perl工程师/Php工程师,广州-黄埔区
1.5-2.5万/月,Python数据开发工程师（数据平台）-XWJF,深圳-南山区
0.6-1.6万/月,Python/Odoo开发工程师,上海
1-1.7万/月,Python开发工程师（爬虫）,上海-浦东新区
1.5-3万/月,Python高级开发工程师,北京-海淀区
1-2万/月,python课程设计,上海-长宁区
0.8-1.5万/月,Python工程师,北京-大兴区
0.6-1.2万/月,Python开发工程师,北京-海淀区
2-2.5万/月,高级研发 Python,上海-浦东新区
1.2-2.4万/月,服务端开发工程师-Python,北京-海淀区
0.8-2万/月,python后台开发工程师,深圳-南山区
0.8-1.5万/月,Python开发工程师,深圳
0.8-1.6万/月,python开发工程师,深圳
0.9-1.4万/月,python后端工程师,上海-嘉定区
1-1.5万/月,python开发工程师,北京-海淀区
1.5-2.5万/月,sz-python开发,深圳-福田区
1-2万/月,Python工程师,北京-朝阳区
1-1.5万/月,python爬虫开发工程师,广州
1-1.5万/月,测试工程师python,北京-海淀区
1.5-2万/月,Python讲师,广州-天河区
1.5-2万/月,Python开发工程师,上海-浦东新区
1-1.5万/月,python开发工程师,北京-海淀区
1-1.5万/月,高级后端开发工程师（Ruby/PHP/Python/Node.js),上海-闵行区
5-8千/月,Python开发工程师,广州-白云区
0.8-1.6万/月,PYTHON爬虫工程师,深圳-福田区
1.5-2万/月,Python软件开发工程师,深圳-南山区
0.8-1万/月,Python开发工程师,北京
2.5-3.5万/月,Python高级软件工程师,北京
1-1.5万/月,Python开发工程师,深圳-南山区
0.8-1万/月,Python web开发工程师,上海
0.8-1万/月,python web 开发工程师,北京-海淀区
1.3-2万/月,Python高级研发工程师（孵化器公司）,广州-天河区
2.5-3万/月,Python高级开发工程师,北京
1.2-2万/月,Python开发工程师,深圳
1.5-2万/月,python运维开发工程师（侧重开发）,北京-朝阳区
1.5-2万/月,python自动化运维工程师,北京-海淀区
2-3.5万/月,Python开发工程师,上海-浦东新区
1.5-2万/月,Python开发工程师,上海-徐汇区
6-8千/月,python开发工程师,上海-闵行区
1.5-2万/月,Python/JAVA开发工程师,上海
1-2万/月,Python工程师（爬虫方向）,深圳-南山区
1-1.5万/月,python运维开发,北京-海淀区
1-2万/月,后台高级开发工程师（python或java或go）,北京-海淀区
0.8-1.7万/月,Python高级开发工程师,上海-徐汇区
1.5-2万/月,python开发工程师-上海-00095,上海-虹口区
0.8-1.5万/月,Python开发工程师,北京-海淀区
1-1.5万/月,Python开发工程师,北京-朝阳区
2.5-3万/月,python讲师,广州-天河区
1-1.8万/月,python后端工程师（北京）,北京-东城区
1-1.5万/月,Python高级开发工程师,北京
1-1.5万/月,Python开发工程师,上海-闵行区
,资深Python 开发工程师,上海
1-1.5万/月,开发工程师-Python或C/C++或perl,北京-昌平区
1-2万/月,Java爬虫开发/python爬虫工程师,深圳-龙华新区
1-1.5万/月,Java/Python开发工程师J10405,上海-宝山区
0.8-1.2万/月,应用端网络开发运维(Python),北京-朝阳区
0.8-1.4万/月,Python后端工程师,上海
1.5-2万/月,Python开发工程师,上海-徐汇区
1-1.5万/月,python开发工程师,上海-徐汇区
1.5-2.5万/月,python研发工程师（运维方向）,上海-长宁区
1-1.5万/月,Python Web开发工程师,上海-浦东新区
1-1.5万/月,Python 运维工程师,北京
0.7-1.4万/月,Python中级工程师,上海
1-1.5万/月,Python开发工程师,广州-天河区
1-1.5万/月,Python中级开发工程师,深圳-大鹏新区
2-2.4万/月,C/C++/python技术经理,广州
1.5-2万/月,Python工程师,北京-朝阳区
10-15万/年,Python开发工程师,上海-长宁区
2.5-3万/月,Python开发工程师,北京
0.8-2万/月,Python程序员(游戏开发),上海-浦东新区
1-1.5万/月,python后台开发,深圳-南山区
1-1.5万/月,高级软件工程师（Python开发）,上海
1.5-2万/月,Python爬虫工程师,上海-浦东新区
2-2.5万/月,Python高级开发工程师,上海-静安区
2-3万/月,Python服务器工程师-小米电视,北京-海淀区
1-2.5万/月,Python开发工程师,上海-浦东新区
1-1.5万/月,SQL/Python顾问,广州-番禺区
1-5万/月,Python后台研发工程师,上海-虹口区
1.5-3万/月,Python Web开发工程师,深圳-南山区
0.6-1.2万/月,Python/Golang/Linux C/中高级研发工程师,北京-海淀区
6-8千/月,python爬虫工程师,上海-杨浦区
1.5-3万/月,Python游戏服务端开发工程师,深圳-南山区
1.5-3万/月,Python高级开发工程师,上海-浦东新区
1.5-2万/月,数据分析与挖掘-python工程师-00410,上海-静安区
0.8-1.8万/月,运维主管/python开发,上海-静安区
0.6-1万/月,Python数据采集开发工程师,深圳-龙华新区
1.8-3.5万/月,python大数据工程师,北京-海淀区
0.8-1万/月,java/C++/Python开发（应届硕士）,北京-海淀区
0.6-1.5万/月,Python开发工程师,深圳-龙华新区
1.5-2.2万/月,Python程序员,上海
0.8-1.2万/月,python开发工程师,北京
1-1.5万/月,Python开发工程师,北京-通州区
2-3万/月,资深爬虫工程师（Python语言）,上海
1.5-2万/月,Python开发工程师,上海
0.7-1.2万/月,Python 后台工程师,上海-浦东新区
1-1.5万/月,Python服务端工程师,上海-浦东新区
1-1.5万/月,Python开发工程师,上海-徐汇区
0.8-1万/月,Python高级工程师 / 程序员,北京-朝阳区
0.8-1.3万/月,中级程序员（Python）,北京
1.5-2万/月,Python开发工程师,上海-普陀区
2-4万/月,Python/Web开发工程师,上海-黄浦区
1-1.5万/月,python后端开发工程师,上海
0.8-1万/月,Python开发工程师,广州-天河区
1.5-2万/月,Python开发工程师,上海-杨浦区
6-8千/月,Python开发工程师,异地招聘
2.5-3万/月,高级Python工程师-W,上海-普陀区
15-30万/年,Python软件工程师,上海-徐汇区
1.8-2.6万/月,Python开发工程师（智能金融）,北京
0.9-1.8万/月,Python开发工程师,广州-越秀区
1.8-3万/月,资深JAVA/Python程序员,深圳-南山区
1.5-2万/月,Web 开发工程师 - Python,上海
0.8-1.5万/月,Python 高级开发工程师,上海-徐汇区
1-2万/月,Python开发工程师,深圳-南山区
1.5-2万/月,系统开发工程师（python）,深圳
1.2-2万/月,Python开发工程师,深圳
1-1.5万/月,python开发工程师,上海
1-1.5万/月,python 开发工程师（偏web方向）,上海-浦东新区
1.5-3万/月,Python爬虫工程师,北京-海淀区
1.3-2.5万/月,Python讲师,北京-朝阳区
0.8-1.5万/月,python工程师,上海-浦东新区
1.5-4万/月,赴日java.NET，Python，Salesforce，PHP,异地招聘
0.8-1万/月,急招Java/Python后台高级开发工程师8-12K,深圳-龙岗区
4.5-6千/月,初级python开发工程师,深圳-福田区
0.8-1万/月,Python开发工程师,北京-海淀区
0.6-1万/月,Python开发工程师,广州
1.5-2万/月,Python/Go 运维开发工程师,上海-黄浦区
2-3.5万/月,Python开发工程师,北京
0.8-1.3万/月,Python开发工程师,广州-番禺区
1.5-2万/月,Python高级开发工程师,北京
1-1.5万/月,Python开发工程师,北京-朝阳区
0.8-1万/月,Python开发工程师(实习生),上海-嘉定区
1-1.8万/月,Python开发工程师,北京
1-2万/月,Python开发工程师,北京
1.5-2万/月,Python工程师,上海-浦东新区
1.5-2万/月,大数据工程师（Python 爬虫）,广州
1.2-2.4万/月,Python开发工程师-爬虫-DNJS0008,北京-海淀区
25-40万/年,Python开发工程师,上海-杨浦区
2-2.5万/月,Python工程师-外研在线,北京
1-2万/月,Python开发工程师,深圳-福田区
1-1.5万/月,Python开发工程师,异地招聘
0.8-1.5万/月,OCR 图像识别工程师/Python开发/切图,上海-普陀区
2.5-3万/月,python高级开发工程师,深圳-南山区
1-3万/月,Python Web全栈工程师,上海-浦东新区
1-2.5万/月,DBA（java/python/jenkins） -（赴世界500强）,上海
1-2万/月,Python讲师,北京
0.8-1万/月,python后端研发工程师,北京-海淀区
1.5-2万/月,Python 工程师,上海-浦东新区
0.8-1万/月,高级开发工程师/架构/python,广州
1-1.5万/月,Python运维开发工程师,北京-朝阳区
1-2.5万/月,游戏客户端开发工程师（c++/python）,深圳-南山区
1-1.5万/月,云方向业务部门_Python开发工程师,北京-海淀区
1.5-2万/月,Python开发工程师,北京-朝阳区
1-1.5万/月,Python,上海-浦东新区
0.8-1万/月,Python算法工程师,上海-浦东新区
1.5-2.5万/月,Python高级工程师,北京-海淀区
2-2.5万/月,Python高级开发工程师,上海
30-45万/年,高级Python WEB工程师（SAAS方向）,北京
1.5-3万/月,Python讲师,深圳-宝安区
1-1.5万/月,高级开发工程师（C++或Python）,深圳-南山区
1.2-2.4万/月,Python工程师,上海-浦东新区
0.8-1.2万/月,Python开发（爬虫）,上海
1-1.5万/月,高级python爬虫工程师/五险一金/福利待遇优（广州）,广州-白云区
1.5-2.5万/月,Python高级开发工程师,深圳-南山区
1.2-2.4万/月,Python开发工程师,深圳-南山区
1-2.5万/月,Python开发工程师,上海-浦东新区
1.5-2万/月,Python开发工程师,北京-海淀区
0.4-1.5万/月,气象卫星遥感应用开发/c++/java/Python/Fortran,异地招聘
3-5千/月,Python开发工程师（实习生）,深圳-龙岗区
20-30万/年,Python,深圳
6-8千/月,PHP/Python 开发工程师,上海-浦东新区
1-2万/月,安全开发工程师（python开发）,上海-长宁区
1-1.5万/月,Python工程师,上海-浦东新区
1.5-2万/月,python开发工程师（爬虫方向）,上海
0.7-1.4万/月,Python开发工程师,上海-宝山区
1.5-3万/月,高级python开发工程师,北京-朝阳区
0.6-1.5万/月,Python开发工程师,北京-朝阳区
2-2.5万/月,Python开发工程师,深圳-南山区
5.5-8.5千/月,Python开发工程师,广州-黄埔区
2-3万/月,Python开发工程师,上海-浦东新区
1-1.7万/月,Python开发工程师,深圳-福田区
2-3万/月,Python开发主管,上海
2-3万/月,Python高级开发工程师,上海-浦东新区
2-4万/月,分布式计算开发工程师（Python语言）,北京-朝阳区
0.6-1.6万/月,Python开发工程师,北京
0.8-1万/月,python工程师,北京
1.5-2万/月,Python 爬虫工程师,深圳-南山区
1-1.5万/月,Python 开发工程师,上海
1-2万/月,Python开发工程师,广州-海珠区
1.3-2.5万/月,Python开发工程师,上海
3-4万/月,Python培训讲师,北京-海淀区
0.9-1.5万/月,Python开发工程师,广州-黄埔区
1.5-1.8万/月,Python开发工程师,北京
2-2.5万/月,Python高级开发工程师,上海-普陀区
1-2万/月,Python开发工程师,深圳-南山区
1.5-2万/月,python开发经理,上海-黄浦区
2.5-3万/月,移动平台后端高级开发工程师（Go/Python）,北京-东城区
1-2万/月,Python后端工程师,深圳
6-8千/月,Web后端开发工程师（Python）,广州-番禺区
0.8-1.5万/月,python开发工程师,北京-西城区
0.8-1.6万/月,Python开发工程师,上海-浦东新区
1-1.5万/月,Python开发工程师,北京-海淀区
1-1.5万/月,Python工程师,北京-海淀区
1.3-2.6万/月,Python 开发工程师,上海
1.5-2.5万/月,Python高级工程师(002618),北京-海淀区
